,date,demand_mwh
0,2023-01-02,143135
1,2023-01-03,155112
2,2023-01-04,154784
3,2023-01-05,156611
4,2023-01-06,158140
5,2023-01-07,150670
6,2023-01-08,148094
7,2023-01-09,160469
8,2023-01-10,161243
9,2023-01-11,158049
10,2023-01-12,159202
11,2023-01-13,159525
12,2023-01-14,150997
13,2023-01-15,147651
14,2023-01-16,159450
15,2023-01-17,158237
16,2023-01-18,158142
17,2023-01-19,155574
18,2023-01-20,151170
19,2023-01-21,141852
20,2023-01-22,135867
21,2023-01-23,135319
22,2023-01-24,135278
23,2023-01-25,143281
24,2023-01-26,145489
25,2023-01-27,149823
26,2023-01-28,141778
27,2023-01-29,136799
28,2023-01-30,149444
29,2023-01-31,150147
30,2023-02-01,151421
31,2023-02-02,153712
32,2023-02-03,153444
33,2023-02-04,143643
34,2023-02-05,139736
35,2023-02-06,150601
36,2023-02-07,153830
37,2023-02-08,155885
38,2023-02-09,156193
39,2023-02-10,156738
40,2023-02-11,148334
41,2023-02-12,141473
42,2023-02-13,152525
43,2023-02-14,154631
44,2023-02-15,152251
45,2023-02-16,151542
46,2023-02-17,152577
47,2023-02-18,146076
48,2023-02-19,142760
49,2023-02-20,153228
50,2023-02-21,154525
51,2023-02-22,155322
52,2023-02-23,155309
53,2023-02-24,155318
54,2023-02-25,147116
55,2023-02-26,142803
56,2023-02-27,154986
57,2023-02-28,152742
58,2023-03-01,147921
59,2023-03-02,149573
60,2023-03-03,149183
61,2023-03-04,140165
62,2023-03-05,136493
63,2023-03-06,148565
64,2023-03-07,150236
65,2023-03-08,151740
66,2023-03-09,153641
67,2023-03-10,155188
68,2023-03-11,146805
69,2023-03-12,143063
70,2023-03-13,153753
71,2023-03-14,154083
72,2023-03-15,154110
73,2023-03-16,155728
74,2023-03-17,156733
75,2023-03-18,149750
76,2023-03-19,146591
77,2023-03-20,159026
78,2023-03-21,157873
79,2023-03-22,160350
80,2023-03-23,161922
81,2023-03-24,160865
82,2023-03-25,149582
83,2023-03-26,146060
84,2023-03-27,154802
85,2023-03-28,160092
86,2023-03-29,160673
87,2023-03-30,160142
88,2023-03-31,158822
89,2023-04-01,150619
90,2023-04-02,146965
91,2023-04-03,155478
92,2023-04-04,158798
93,2023-04-05,159019
94,2023-04-06,158805
95,2023-04-07,147500
96,2023-04-08,148347
97,2023-04-09,146566
98,2023-04-10,158423
99,2023-04-11,160293
100,2023-04-12,162986
101,2023-04-13,163509
102,2023-04-14,164285
103,2023-04-15,156872
104,2023-04-16,150966
105,2023-04-17,164077
106,2023-04-18,167315
107,2023-04-19,166916
108,2023-04-20,163756
109,2023-04-21,162281
110,2023-04-22,153332
111,2023-04-23,153462
112,2023-04-24,164912
113,2023-04-25,164985
114,2023-04-26,166013
115,2023-04-27,166943
116,2023-04-28,163822
117,2023-04-29,153980
118,2023-04-30,148595
119,2023-05-01,150481
120,2023-05-02,165095
121,2023-05-03,165559
122,2023-05-04,163971
123,2023-05-05,163763
124,2023-05-06,155573
125,2023-05-07,150425
126,2023-05-08,164310
127,2023-05-09,164787
128,2023-05-10,169410
129,2023-05-11,171658
130,2023-05-12,170463
131,2023-05-13,161692
132,2023-05-14,157427
133,2023-05-15,168000
134,2023-05-16,162792
135,2023-05-17,164417
136,2023-05-18,165054
137,2023-05-19,165394
138,2023-05-20,157442
139,2023-05-21,149275
140,2023-05-22,164186
141,2023-05-23,164985
142,2023-05-24,167463
143,2023-05-25,170178
144,2023-05-26,165611
145,2023-05-27,155735
146,2023-05-28,151601
147,2023-05-29,165068
148,2023-05-30,168041
149,2023-05-31,169199
150,2023-06-01,162815
151,2023-06-02,151429
152,2023-06-03,155660
153,2023-06-04,148740
154,2023-06-05,159347
155,2023-06-06,161423
156,2023-06-07,162941
157,2023-06-08,165035
158,2023-06-09,165422
159,2023-06-10,158521
160,2023-06-11,154558
161,2023-06-12,163377
162,2023-06-13,164538
163,2023-06-14,164060
164,2023-06-15,163932
165,2023-06-16,165730
166,2023-06-17,158975
167,2023-06-18,151407
168,2023-06-19,164066
169,2023-06-20,167604
170,2023-06-21,169336
171,2023-06-22,169431
172,2023-06-23,168288
173,2023-06-24,156737
174,2023-06-25,151904
175,2023-06-26,163458
176,2023-06-27,163937
177,2023-06-28,162919
178,2023-06-29,153616
179,2023-06-30,162302
180,2023-07-01,151875
181,2023-07-02,150197
182,2023-07-03,164458
183,2023-07-04,165907
184,2023-07-05,165912
185,2023-07-06,162009
186,2023-07-07,162099
187,2023-07-08,155198
188,2023-07-09,150937
189,2023-07-10,160991
190,2023-07-11,158453
191,2023-07-12,159787
192,2023-07-13,162274
193,2023-07-14,158682
194,2023-07-15,149936
195,2023-07-16,148455
196,2023-07-17,161458
197,2023-07-18,160102
198,2023-07-19,158995
199,2023-07-20,157624
200,2023-07-21,159831
201,2023-07-22,153633
202,2023-07-23,149222
203,2023-07-24,160862
204,2023-07-25,164693
205,2023-07-26,167265
206,2023-07-27,166620
207,2023-07-28,165758
208,2023-07-29,155715
209,2023-07-30,150031
210,2023-07-31,162075
211,2023-08-01,165008
212,2023-08-02,167649
213,2023-08-03,162091
214,2023-08-04,162464
215,2023-08-05,155925
216,2023-08-06,151364
217,2023-08-07,166019
218,2023-08-08,164342
219,2023-08-09,152959
220,2023-08-10,163890
221,2023-08-11,163692
222,2023-08-12,155089
223,2023-08-13,150690
224,2023-08-14,160431
225,2023-08-15,160005
226,2023-08-16,161216
227,2023-08-17,161953
228,2023-08-18,158653
229,2023-08-19,149683
230,2023-08-20,147495
231,2023-08-21,157730
232,2023-08-22,160725
233,2023-08-23,163373
234,2023-08-24,164910
235,2023-08-25,163452
236,2023-08-26,153456
237,2023-08-27,149357
238,2023-08-28,163169
239,2023-08-29,162791
240,2023-08-30,161666
241,2023-08-31,162062
242,2023-09-01,151344
243,2023-09-02,152635
244,2023-09-03,150610
245,2023-09-04,163311
246,2023-09-05,164681
247,2023-09-06,162378
248,2023-09-07,160202
249,2023-09-08,163521
250,2023-09-09,153687
251,2023-09-10,147569
252,2023-09-11,159887
253,2023-09-12,163864
254,2023-09-13,166514
255,2023-09-14,166853
256,2023-09-15,166268
257,2023-09-16,157641
258,2023-09-17,152869
259,2023-09-18,164748
260,2023-09-19,166128
261,2023-09-20,163706
262,2023-09-21,162202
263,2023-09-22,160788
264,2023-09-23,152758
265,2023-09-24,147234
266,2023-09-25,159890
267,2023-09-26,163408
268,2023-09-27,164731
269,2023-09-28,165334
270,2023-09-29,164603
271,2023-09-30,152985
272,2023-10-01,148592
273,2023-10-02,164031
274,2023-10-03,162881
275,2023-10-04,163730
276,2023-10-05,166472
277,2023-10-06,167691
278,2023-10-07,160142
279,2023-10-08,155427
280,2023-10-09,167038
281,2023-10-10,167152
282,2023-10-11,166817
283,2023-10-12,168132
284,2023-10-13,168115
285,2023-10-14,159208
286,2023-10-15,155070
287,2023-10-16,167352
288,2023-10-17,168272
289,2023-10-18,165250
290,2023-10-19,163674
291,2023-10-20,163138
292,2023-10-21,153429
293,2023-10-22,149039
294,2023-10-23,161003
295,2023-10-24,162101
296,2023-10-25,161060
297,2023-10-26,163539
298,2023-10-27,165245
299,2023-10-28,153567
300,2023-10-29,150026
301,2023-10-30,162637
302,2023-10-31,163031
303,2023-11-01,163114
304,2023-11-02,162896
305,2023-11-03,164007
306,2023-11-04,156094
307,2023-11-05,151334
308,2023-11-06,163213
309,2023-11-07,162283
310,2023-11-08,161531
311,2023-11-09,162106
312,2023-11-10,161094
313,2023-11-11,152234
314,2023-11-12,146864
315,2023-11-13,149842
316,2023-11-14,160124
317,2023-11-15,160919
318,2023-11-16,160910
319,2023-11-17,159575
320,2023-11-18,153069
321,2023-11-19,147814
322,2023-11-20,160642
323,2023-11-21,160836
324,2023-11-22,159153
325,2023-11-23,160054
326,2023-11-24,158373
327,2023-11-25,149696
328,2023-11-26,144492
329,2023-11-27,156173
330,2023-11-28,158586
331,2023-11-29,157974
332,2023-11-30,158995
333,2023-12-01,154529
334,2023-12-02,147998
335,2023-12-03,143120
336,2023-12-04,154474
337,2023-12-05,156748
338,2023-12-06,156043
339,2023-12-07,155685
340,2023-12-08,157836
341,2023-12-09,150915
342,2023-12-10,146809
343,2023-12-11,159317
344,2023-12-12,157414
345,2023-12-13,157017
346,2023-12-14,157693
347,2023-12-15,157554
348,2023-12-16,149473
349,2023-12-17,145336
350,2023-12-18,157640
351,2023-12-19,157015
352,2023-12-20,156840
353,2023-12-21,156116
354,2023-12-22,154461
355,2023-12-23,146000
356,2023-12-24,142249
357,2023-12-25,143436
358,2023-12-26,152710
359,2023-12-27,153454
360,2023-12-28,153525
361,2023-12-29,154582
362,2023-12-30,148203
363,2023-12-31,141606
364,2024-01-01,141113
365,2024-01-02,154442
366,2024-01-03,157571
367,2024-01-04,155150
368,2024-01-05,155763
369,2024-01-06,150533
370,2024-01-07,144084
371,2024-01-08,155471
372,2024-01-09,157989
373,2024-01-10,157809
374,2024-01-11,158382
375,2024-01-12,155588
376,2024-01-13,148526
377,2024-01-14,146542
378,2024-01-15,160866
379,2024-01-16,159259
380,2024-01-17,160655
381,2024-01-18,159790
382,2024-01-19,158581
383,2024-01-20,146344
384,2024-01-21,143205
385,2024-01-22,158804
386,2024-01-23,160616
387,2024-01-24,160189
388,2024-01-25,158272
389,2024-01-26,159331
390,2024-01-27,152019
391,2024-01-28,148552
392,2024-01-29,160347
393,2024-01-30,159245
394,2024-01-31,160022
395,2024-02-01,161308
396,2024-02-02,161529
397,2024-02-03,153054
398,2024-02-04,149040
399,2024-02-05,162296
400,2024-02-06,162792
401,2024-02-07,163066
402,2024-02-08,161117
403,2024-02-09,152192
404,2024-02-10,139332
405,2024-02-11,139739
406,2024-02-12,141790
407,2024-02-13,150930
408,2024-02-14,156092
409,2024-02-15,156994
410,2024-02-16,158361
411,2024-02-17,149930
412,2024-02-18,148464
413,2024-02-19,163185
414,2024-02-20,164957
415,2024-02-21,165816
416,2024-02-22,166198
417,2024-02-23,165625
418,2024-02-24,156367
419,2024-02-25,153226
420,2024-02-26,167322
421,2024-02-27,166360
422,2024-02-28,165433
423,2024-02-29,166687
424,2024-03-01,167942
425,2024-03-02,158124
426,2024-03-03,151759
427,2024-03-04,164592
428,2024-03-05,163244
429,2024-03-06,163948
430,2024-03-07,166145
431,2024-03-08,164213
432,2024-03-09,155547
433,2024-03-10,152131
434,2024-03-11,162708
435,2024-03-12,165342
436,2024-03-13,165398
437,2024-03-14,166795
438,2024-03-15,165504
439,2024-03-16,157785
440,2024-03-17,154211
441,2024-03-18,166960
442,2024-03-19,168662
443,2024-03-20,167458
444,2024-03-21,167433
445,2024-03-22,166330
446,2024-03-23,159323
447,2024-03-24,157110
448,2024-03-25,170220
449,2024-03-26,171623
450,2024-03-27,171346
451,2024-03-28,170464
452,2024-03-29,158724
453,2024-03-30,160745
454,2024-03-31,157250
455,2024-04-01,169109
456,2024-04-02,172227
457,2024-04-03,172790
458,2024-04-04,170229
459,2024-04-05,168657
460,2024-04-06,161260
461,2024-04-07,158100
462,2024-04-08,169671
463,2024-04-09,170963
464,2024-04-10,158596
465,2024-04-11,166615
466,2024-04-12,162334
467,2024-04-13,156340
468,2024-04-14,154240
469,2024-04-15,168358
470,2024-04-16,166908
471,2024-04-17,166379
472,2024-04-18,168420
473,2024-04-19,170518
474,2024-04-20,160568
475,2024-04-21,157011
476,2024-04-22,171114
477,2024-04-23,172662
478,2024-04-24,172431
479,2024-04-25,173223
480,2024-04-26,172998
481,2024-04-27,164652
482,2024-04-28,159623
483,2024-04-29,172767
484,2024-04-30,175732
485,2024-05-01,164320
486,2024-05-02,172595
487,2024-05-03,172600
488,2024-05-04,157405
489,2024-05-05,154600
490,2024-05-06,172481
491,2024-05-07,170079
492,2024-05-08,166956
493,2024-05-09,169627
494,2024-05-10,171308
495,2024-05-11,163143
496,2024-05-12,158639
497,2024-05-13,169332
498,2024-05-14,168868
499,2024-05-15,171283
500,2024-05-16,167806
501,2024-05-17,167539
502,2024-05-18,160103
503,2024-05-19,156700
504,2024-05-20,166834
505,2024-05-21,168635
506,2024-05-22,157014
507,2024-05-23,167644
508,2024-05-24,164952
509,2024-05-25,156899
510,2024-05-26,154546
511,2024-05-27,170845
512,2024-05-28,172193
513,2024-05-29,173578
514,2024-05-30,173259
515,2024-05-31,171162
516,2024-06-01,157966
517,2024-06-02,151974
518,2024-06-03,163968
519,2024-06-04,167536
520,2024-06-05,170103
521,2024-06-06,170291
522,2024-06-07,166260
523,2024-06-08,158372
524,2024-06-09,154467
525,2024-06-10,167733
526,2024-06-11,168548
527,2024-06-12,167229
528,2024-06-13,167744
529,2024-06-14,167378
530,2024-06-15,158195
531,2024-06-16,152163
532,2024-06-17,154047
533,2024-06-18,167256
534,2024-06-19,168306
535,2024-06-20,169273
536,2024-06-21,165114
537,2024-06-22,154445
538,2024-06-23,152582
539,2024-06-24,168213
540,2024-06-25,171648
541,2024-06-26,170041
542,2024-06-27,169178
543,2024-06-28,168156
544,2024-06-29,158609
545,2024-06-30,151149
546,2024-07-01,161975
547,2024-07-02,166020
548,2024-07-03,168401
549,2024-07-04,168416
550,2024-07-05,167711
551,2024-07-06,158077
552,2024-07-07,153436
553,2024-07-08,163372
554,2024-07-09,163446
555,2024-07-10,165510
556,2024-07-11,167071
557,2024-07-12,166391
558,2024-07-13,158162
559,2024-07-14,154798
560,2024-07-15,167784
561,2024-07-16,169459
562,2024-07-17,171099
563,2024-07-18,172606
564,2024-07-19,172167
565,2024-07-20,164157
566,2024-07-21,160674
567,2024-07-22,174390
568,2024-07-23,176014
569,2024-07-24,174707
570,2024-07-25,173103
571,2024-07-26,173548
572,2024-07-27,164870
573,2024-07-28,161534
574,2024-07-29,174420
575,2024-07-30,175205
576,2024-07-31,172946
577,2024-08-01,170527
578,2024-08-02,171064
579,2024-08-03,163001
580,2024-08-04,156141
581,2024-08-05,166437
582,2024-08-06,168670
583,2024-08-07,169218
584,2024-08-08,169793
585,2024-08-09,158043
586,2024-08-10,155506
587,2024-08-11,153094
588,2024-08-12,168085
589,2024-08-13,170228
590,2024-08-14,167959
591,2024-08-15,167413
592,2024-08-16,168462
593,2024-08-17,160328
594,2024-08-18,157253
595,2024-08-19,170838
596,2024-08-20,169619
597,2024-08-21,166251
598,2024-08-22,169038
599,2024-08-23,170757
600,2024-08-24,157223
601,2024-08-25,153308
602,2024-08-26,167415
603,2024-08-27,169516
604,2024-08-28,166920
605,2024-08-29,166742
606,2024-08-30,168716
607,2024-08-31,162739
608,2024-09-01,160620
609,2024-09-02,174383
610,2024-09-03,174099
611,2024-09-04,167486
612,2024-09-05,168050
613,2024-09-06,170370
614,2024-09-07,162785
615,2024-09-08,157219
616,2024-09-09,167355
617,2024-09-10,166324
618,2024-09-11,167595
619,2024-09-12,165641
620,2024-09-13,168112
621,2024-09-14,157112
622,2024-09-15,152886
623,2024-09-16,167078
624,2024-09-17,167603
625,2024-09-18,165170
626,2024-09-19,168030
627,2024-09-20,169299
628,2024-09-21,157489
629,2024-09-22,157022
630,2024-09-23,171537
631,2024-09-24,166672
632,2024-09-25,163768
633,2024-09-26,160135
634,2024-09-27,163394
635,2024-09-28,158466
636,2024-09-29,155782
637,2024-09-30,166256
638,2024-10-01,164345
639,2024-10-02,166676
640,2024-10-03,167221
641,2024-10-04,165512
642,2024-10-05,156356
643,2024-10-06,151808
644,2024-10-07,165303
645,2024-10-08,166387
646,2024-10-09,166034
647,2024-10-10,166827
648,2024-10-11,167637
649,2024-10-12,157296
650,2024-10-13,152633
651,2024-10-14,161618
652,2024-10-15,162461
653,2024-10-16,163770
654,2024-10-17,163425
655,2024-10-18,163548
656,2024-10-19,156035
657,2024-10-20,149017
658,2024-10-21,164944
659,2024-10-22,170514
660,2024-10-23,171725
661,2024-10-24,171411
662,2024-10-25,170482
663,2024-10-26,162130
664,2024-10-27,160567
665,2024-10-28,173732
666,2024-10-29,175546
667,2024-10-30,173101
668,2024-10-31,160416
669,2024-11-01,168934
670,2024-11-02,158001
671,2024-11-03,153460
672,2024-11-04,163268
673,2024-11-05,166391
674,2024-11-06,165679
675,2024-11-07,166180
676,2024-11-08,166292
677,2024-11-09,158580
678,2024-11-10,153608
679,2024-11-11,166718
680,2024-11-12,168101
681,2024-11-13,165990
682,2024-11-14,165445
683,2024-11-15,166954
684,2024-11-16,157597
685,2024-11-17,152190
686,2024-11-18,163320
687,2024-11-19,163167
688,2024-11-20,162015
689,2024-11-21,163442
690,2024-11-22,163609
691,2024-11-23,155012
692,2024-11-24,152906
693,2024-11-25,164709
694,2024-11-26,163908
695,2024-11-27,161246
696,2024-11-28,160900
697,2024-11-29,158966
698,2024-11-30,151707
699,2024-12-01,151432
700,2024-12-02,163164
701,2024-12-03,163780
702,2024-12-04,163839
703,2024-12-05,164261
704,2024-12-06,167747
705,2024-12-07,161215
706,2024-12-08,157509
707,2024-12-09,164164
708,2024-12-10,161943
709,2024-12-11,164471
710,2024-12-12,166208
711,2024-12-13,163902
712,2024-12-14,157649
713,2024-12-15,155683
714,2024-12-16,167172
715,2024-12-17,165965
716,2024-12-18,162833
717,2024-12-19,161371
718,2024-12-20,161706
719,2024-12-21,153693
720,2024-12-22,149711
721,2024-12-23,160657
722,2024-12-24,157938
723,2024-12-25,148627
724,2024-12-26,158416
725,2024-12-27,160585
726,2024-12-28,153654
727,2024-12-29,150384
728,2024-12-30,158250
729,2024-12-31,156458
730,2025-01-01,148971
731,2025-01-02,161116
732,2025-01-03,163045
733,2025-01-04,155946
734,2025-01-05,152669
735,2025-01-06,164239
736,2025-01-07,164700
737,2025-01-08,165508
738,2025-01-09,165291
739,2025-01-10,162743
740,2025-01-11,149868
741,2025-01-12,147307
742,2025-01-13,157063
743,2025-01-14,158538
744,2025-01-15,158384
745,2025-01-16,160041
746,2025-01-17,160523
747,2025-01-18,152812
748,2025-01-19,149562
749,2025-01-20,159526
750,2025-01-21,159694
751,2025-01-22,158952
752,2025-01-23,159005
753,2025-01-24,158728
754,2025-01-25,150060
755,2025-01-26,147805
756,2025-01-27,155407
757,2025-01-28,148134
758,2025-01-29,138354
759,2025-01-30,138319
760,2025-01-31,147974
761,2025-02-01,145172
762,2025-02-02,145380
763,2025-02-03,158168
764,2025-02-04,160385
765,2025-02-05,158804
766,2025-02-06,157669
767,2025-02-07,160378
768,2025-02-08,153444
769,2025-02-09,149931
770,2025-02-10,160882
771,2025-02-11,162073
772,2025-02-12,162871
773,2025-02-13,164676
774,2025-02-14,166088
775,2025-02-15,158764
776,2025-02-16,153654
777,2025-02-17,165154
778,2025-02-18,164475
779,2025-02-19,163749
780,2025-02-20,164803
781,2025-02-21,160981
782,2025-02-22,155363
783,2025-02-23,152071
784,2025-02-24,158610
785,2025-02-25,161040
786,2025-02-26,161601
787,2025-02-27,162500
788,2025-02-28,161038
789,2025-03-01,154292
790,2025-03-02,153983
791,2025-03-03,165167
792,2025-03-04,166318
793,2025-03-05,165945
794,2025-03-06,162905
795,2025-03-07,164659
796,2025-03-08,159113
797,2025-03-09,153076
798,2025-03-10,165464
799,2025-03-11,167117
800,2025-03-12,166402
801,2025-03-13,166984
802,2025-03-14,168283
803,2025-03-15,161016
804,2025-03-16,155915
805,2025-03-17,166775
806,2025-03-18,167816
807,2025-03-19,164079
808,2025-03-20,158656
809,2025-03-21,159186
810,2025-03-22,155417
811,2025-03-23,151269
812,2025-03-24,163671
813,2025-03-25,164696
814,2025-03-26,165236
815,2025-03-27,165751
816,2025-03-28,164547
817,2025-03-29,155915
818,2025-03-30,151421
819,2025-03-31,150640
820,2025-04-01,162972
821,2025-04-02,164350
822,2025-04-03,164627
823,2025-04-04,164670
824,2025-04-05,155828
825,2025-04-06,155141
826,2025-04-07,164579
827,2025-04-08,165305
828,2025-04-09,165374
829,2025-04-10,165542
830,2025-04-11,165767
831,2025-04-12,159873
832,2025-04-13,153578
833,2025-04-14,166412
834,2025-04-15,167864
835,2025-04-16,168283
836,2025-04-17,165132
837,2025-04-18,157889
838,2025-04-19,158836
839,2025-04-20,154073
840,2025-04-21,165631
841,2025-04-22,168164
842,2025-04-23,168057
843,2025-04-24,168763
844,2025-04-25,170633
845,2025-04-26,162635
846,2025-04-27,158353
847,2025-04-28,170788
848,2025-04-29,169809
849,2025-04-30,170578
850,2025-05-01,159697
851,2025-05-02,169824
852,2025-05-03,160987
853,2025-05-04,157308
854,2025-05-05,169653
855,2025-05-06,172917
856,2025-05-07,176881
857,2025-05-08,176003
858,2025-05-09,174105
859,2025-05-10,167332
860,2025-05-11,159527
861,2025-05-12,163082
862,2025-05-13,172591
863,2025-05-14,170212
864,2025-05-15,171991
865,2025-05-16,171087
866,2025-05-17,166077
867,2025-05-18,161351
868,2025-05-19,170893
869,2025-05-20,174475
870,2025-05-21,175987
871,2025-05-22,174619
872,2025-05-23,174395
873,2025-05-24,167785
874,2025-05-25,164883
875,2025-05-26,176403
876,2025-05-27,179033
877,2025-05-28,178618
878,2025-05-29,174008
879,2025-05-30,172540
880,2025-05-31,167046
881,2025-06-01,164174
882,2025-06-02,177083
883,2025-06-03,177257
884,2025-06-04,177051
885,2025-06-05,176292
886,2025-06-06,171428
887,2025-06-07,161560
888,2025-06-08,160148
889,2025-06-09,172272
890,2025-06-10,171799
891,2025-06-11,173351
892,2025-06-12,176823
893,2025-06-13,178604
894,2025-06-14,170300
895,2025-06-15,165708
896,2025-06-16,174276
897,2025-06-17,172607
898,2025-06-18,170497
899,2025-06-19,170512
900,2025-06-20,170698
901,2025-06-21,163222
902,2025-06-22,161612
903,2025-06-23,171161
904,2025-06-24,174298
905,2025-06-25,176048
906,2025-06-26,178157
907,2025-06-27,179287
908,2025-06-28,167910
909,2025-06-29,158621
910,2025-06-30,173816
911,2025-07-01,176060
912,2025-07-02,173220
913,2025-07-03,171439
914,2025-07-04,171279
915,2025-07-05,162751
916,2025-07-06,160457
917,2025-07-07,174172
918,2025-07-08,175202
919,2025-07-09,174025
920,2025-07-10,175118
921,2025-07-11,172639
922,2025-07-12,162065
923,2025-07-13,159219
924,2025-07-14,171182
925,2025-07-15,171750
926,2025-07-16,175243
927,2025-07-17,176949
928,2025-07-18,177416
929,2025-07-19,169515
930,2025-07-20,165120
931,2025-07-21,175237
932,2025-07-22,175608
933,2025-07-23,175253
934,2025-07-24,176209
935,2025-07-25,177619
936,2025-07-26,166707
937,2025-07-27,162854
938,2025-07-28,178290
939,2025-07-29,180694
940,2025-07-30,180711
941,2025-07-31,178234
942,2025-08-01,177914
943,2025-08-02,168218
944,2025-08-03,163703
945,2025-08-04,171058
946,2025-08-05,168580
947,2025-08-06,173036
948,2025-08-07,175244
949,2025-08-08,175101
950,2025-08-09,163798
951,2025-08-10,160166
952,2025-08-11,166629
953,2025-08-12,168647
954,2025-08-13,165888
955,2025-08-14,168818
956,2025-08-15,166367
957,2025-08-16,160538
958,2025-08-17,158442
959,2025-08-18,170506
960,2025-08-19,168864
961,2025-08-20,166429
962,2025-08-21,168048
963,2025-08-22,169880
964,2025-08-23,160163
965,2025-08-24,153758
966,2025-08-25,167462
967,2025-08-26,171926
968,2025-08-27,172988
969,2025-08-28,170570
970,2025-08-29,170240
971,2025-08-30,160102
972,2025-08-31,157878
973,2025-09-01,166245
974,2025-09-02,164370
975,2025-09-03,166124
976,2025-09-04,165756
977,2025-09-05,164554
978,2025-09-06,158619
979,2025-09-07,154679
980,2025-09-08,167006
981,2025-09-09,165725
982,2025-09-10,164509
983,2025-09-11,163374
984,2025-09-12,159993
985,2025-09-13,153743
986,2025-09-14,152578
987,2025-09-15,163423
988,2025-09-16,163962
989,2025-09-17,163582
990,2025-09-18,165923
991,2025-09-19,168376
992,2025-09-20,159620
993,2025-09-21,158011
994,2025-09-22,171398
995,2025-09-23,172410
996,2025-09-24,173698
997,2025-09-25,172172
998,2025-09-26,173916
999,2025-09-27,165813
1000,2025-09-28,158734
1001,2025-09-29,168827
1002,2025-09-30,171067
1003,2025-10-01,170729
1004,2025-10-02,167400
1005,2025-10-03,167038
1006,2025-10-04,158394
1007,2025-10-05,157535
1008,2025-10-06,168768
1009,2025-10-07,167768
1010,2025-10-08,169812
1011,2025-10-09,167974
1012,2025-10-10,168156
1013,2025-10-11,162835
1014,2025-10-12,158131
1015,2025-10-13,170442
1016,2025-10-14,172877
1017,2025-10-15,173314
1018,2025-10-16,171547
1019,2025-10-17,169922
1020,2025-10-18,161070
1021,2025-10-19,156813
1022,2025-10-20,159802
1023,2025-10-21,169660
1024,2025-10-22,168363
1025,2025-10-23,169039
1026,2025-10-24,170184
1027,2025-10-25,160326
1028,2025-10-26,159946
1029,2025-10-27,170032
1030,2025-10-28,172863
1031,2025-10-29,175379
1032,2025-10-30,176170
1033,2025-10-31,179145
1034,2025-11-01,171569
1035,2025-11-02,166932
1036,2025-11-03,171631
1037,2025-11-04,173819
1038,2025-11-05,174630
1039,2025-11-06,176082
1040,2025-11-07,176615
1041,2025-11-08,169804
1042,2025-11-09,166111
1043,2025-11-10,175938
1044,2025-11-11,176264
1045,2025-11-12,174159
1046,2025-11-13,172512
1047,2025-11-14,171596
1048,2025-11-15,162802
1049,2025-11-16,158686
1050,2025-11-17,168912
1051,2025-11-18,170234
1052,2025-11-19,169468
1053,2025-11-20,170420
1054,2025-11-21,169665
1055,2025-11-22,160905
1056,2025-11-23,157689
1057,2025-11-24,170998
1058,2025-11-25,171512
1059,2025-11-26,173137
1060,2025-11-27,173802
1061,2025-11-28,170467
1062,2025-11-29,160477
1063,2025-11-30,159303
1064,2025-12-01,172214
1065,2025-12-02,169040
1066,2025-12-03,167936
1067,2025-12-04,168541
1068,2025-12-05,166379
1069,2025-12-06,159636
1070,2025-12-07,155824
1071,2025-12-08,166332
1072,2025-12-09,166542
1073,2025-12-10,166877
1074,2025-12-11,166805
1075,2025-12-12,166865
1076,2025-12-13,156101
1077,2025-12-14,153126
1078,2025-12-15,162250
1079,2025-12-16,162191
1080,2025-12-17,161150
1081,2025-12-18,161903
1082,2025-12-19,162840
1083,2025-12-20,156783
1084,2025-12-21,153509
1085,2025-12-22,165229
1086,2025-12-23,166594
1087,2025-12-24,166370
1088,2025-12-25,158220
1089,2025-12-26,165887
1090,2025-12-27,158500
1091,2025-12-28,154432
1092,2025-12-29,163628
1093,2025-12-30,163317
1094,2025-12-31,161489
1095,2026-01-01,154464
1096,2026-01-02,163520
1097,2026-01-03,155967
1098,2026-01-04,151861
